,"Mean, a = 1","Ambiguity averse, 1.5x weight to worst","Ambiguity averse, 2x weight to worst",fifth percentile,ninety fifth percentile,median
Risky x-risk work,1281430309.841803,52487461.461461544,-1176455386.918881,-6958460282.7875,13769377242.607813,0.0
Conservative x-risk work,543704548.1952572,408417556.981103,273130565.7669482,-125249439.71445312,2110401680.1699212,286064567.58984375
CF campaign,80087087.11581998,61733046.54167906,43379005.96753809,2498985.298828125,283720749.19296867,43358641.447265625
Shrimp welfare - NH3,73025289.05261736,43507848.915004045,13990408.777390808,25349.196679687506,318515901.4785155,5036473.474121094
AMF,1905843.7212115747,1799279.8198083004,1692715.9184050255,1346983.99375,2843308.2390624997,1889982.03125
Shrimp welfare - stunning,855665.1730400249,509384.6563203682,163104.139600711,0.0,3906807.6589843747,0.0
Nothing,0.0,0.0,0.0,0.0,0.0,0.0
