,"Mean, a = 1.54","Ambiguity averse, 1.5x weight to worst","Ambiguity averse, 2x weight to worst",fifth percentile,ninety fifth percentile,median
Risky x-risk work,1831971472.7435868,77087243.58572769,-1677796985.5721352,-9901637273.322266,19656501161.977142,0.0
Conservative x-risk work,776750993.8022839,583191316.2050962,389631638.607909,-179641943.23828125,3016691993.4957023,408170872.078125
CF campaign,117293260.12900051,91493796.49623117,65694332.863462046,6545143.63984375,409896622.9472656,64201279.5546875
Shrimp welfare - NH3,52555801.46179446,30191732.03808856,7827662.614382623,31470.85703125,206694515.62421867,5004107.53125
AMF,1906468.6894743866,1799947.3424434601,1693425.9954125336,1347928.58125,2845073.7156249997,1889918.125
Shrimp welfare - stunning,774649.966809767,451607.9442027435,128565.92159571977,0.0,3528723.6136718676,0.0
Nothing,0.0,0.0,0.0,0.0,0.0,0.0
