,AMF,CF campaign,Shrimp welfare - stunning,Shrimp welfare - NH3,Conservative x-risk work,Risky x-risk work
AMF,1.0,0.016405817424503925,1.8252367416612794,0.036183517008338904,0.002452741661757736,0.001042532487735318
CF campaign,60.95398809609987,1.0,111.25545862378574,2.2055296650013165,0.14950438605358926,0.06354651284721595
Shrimp welfare - stunning,0.5478741344478021,0.008988323021358758,1.0,0.019824013062221,0.0013437937149595833,0.0005711765843517012
Shrimp welfare - NH3,27.636893333766825,0.45340582621426817,50.443873138164896,1.0,0.06778615968128454,0.028812359160527552
Conservative x-risk work,407.70702255016886,6.6887669746461755,744.161837391892,14.752273984863248,1.0,0.42504781648638695
Risky x-risk work,959.2027219912246,15.736504730075227,1750.772050879893,34.70732800561445,2.3526764782993,1.0
