,AMF,CF campaign,Shrimp welfare - stunning,Shrimp welfare - NH3,Conservative x-risk work,Risky x-risk work
AMF,1.0,0.023797141210235184,2.2273241698507533,0.026098407085226948,0.003505292952832061,0.0014872784782551753
CF campaign,42.021854270877654,1.0,93.5962916794719,1.0967034592374476,0.1472989096406433,0.062498199473451664
Shrimp welfare - stunning,0.44896922214380997,0.010684183978405695,1.0,0.011717381528246843,0.0015737686504191893,0.0006677422614934555
Shrimp welfare - NH3,38.31651474875077,0.9118235121600812,85.34329940433545,1.0,0.1343106091258818,0.05698732774756403
Conservative x-risk work,285.28286036465556,6.788916512957514,635.4174101343548,7.445428224234736,1.0,0.4242950584354286
Risky x-risk work,672.3690382269002,16.000460948075563,1497.58380990208,17.547760871148164,2.356850451399224,1.0
