,AMF,CF campaign,Shrimp welfare - stunning,Shrimp welfare - NH3,Conservative x-risk work,Risky x-risk work
AMF,1.0,0.017355383920697933,3.00356031217416,0.04469691569227046,0.0035072520249237772,0.00148746045153137
CF campaign,57.61900771364704,1.0,173.06216479556704,2.5753919300491632,0.20208438147778732,0.08570599523053092
Shrimp welfare - stunning,0.33293821201017904,0.0057782704913073805,1.0,0.01488131119295424,0.0011676982182472022,0.0004952324231687079
Shrimp welfare - NH3,22.372908387791338,0.38829041449272167,67.19837970147843,1.0,0.07846742824651533,0.033278816412574075
Conservative x-risk work,285.1235077757872,4.948427942264889,856.3856520232349,12.74414138893878,1.0,0.4241099416183805
Risky x-risk work,672.2867817900504,11.6677952027768,2019.2538961838852,30.04914560669771,2.3578791767626437,1.0
