,"Mean, a = 1","Ambiguity averse, 1.5x weight to worst","Ambiguity averse, 2x weight to worst",fifth percentile,ninety fifth percentile,median
Risky x-risk work,1279803406.3329854,52318851.82260418,-1175165702.6877708,-6956382235.11875,13749159663.074604,0.0
Conservative x-risk work,543941330.0224115,408488840.0992487,273036350.17608625,-125585801.0578125,2111449335.691406,286438364.9746094
CF campaign,108851144.82798746,84929524.36291644,61007903.89784534,6077269.304296875,379122117.72617185,59780663.44207764
Shrimp welfare - NH3,42738171.56108293,24536157.32822045,6334143.095357943,25032.804296875005,168346351.98124993,4025940.609375
AMF,1906281.9698256343,1799759.5355668548,1693237.1013080752,1347587.0734375,2843799.5984374997,1889996.265625
Shrimp welfare - stunning,854946.7224484391,509635.49474561727,164324.2670427951,0.0,3892349.204687498,0.0
Nothing,0.0,0.0,0.0,0.0,0.0,0.0
