,AMF,CF campaign,Shrimp welfare - stunning,Shrimp welfare - NH3,Conservative x-risk work,Risky x-risk work
AMF,1.0,0.01625386392515333,2.4610711562097873,0.03627513302903958,0.0024544142262915005,0.0010406650528347102
CF campaign,61.52383240101271,1.0,151.41452934161754,2.2317852048030717,0.15100496950101958,0.06402570229619375
Shrimp welfare - stunning,0.4063271382774914,0.006604386014659305,1.0,0.01473957099432496,0.0009972951087165885,0.0004228504528237222
Shrimp welfare - NH3,27.56709394282478,0.4480717937585925,67.84457976321161,1.0,0.06766106755078338,0.028688111274509168
Conservative x-risk work,407.4291899419728,6.622298612452275,1002.7122275641082,14.779548065058897,1.0,0.42399731947736635
Risky x-risk work,960.9239757557525,15.618727544351337,2364.9022800429157,34.85764505133352,2.358505476479508,1.0
