,"Mean, a = 1.54","Ambiguity averse, 1.5x weight to worst","Ambiguity averse, 2x weight to worst",fifth percentile,ninety fifth percentile,median
CF campaign,-828143043017.5406,-934735120176.3873,-1041327197335.236,-2004723561982.8696,-122111457278.7302,-685702420240.0315
Shrimp welfare - NH3,-828210977152.2496,-934802883825.8958,-1041394790499.5419,-2004775752616.5261,-122175505411.7423,-685769618281.0693
Risky x-risk work,-828244829568.8776,-934835563063.9584,-1041426296559.039,-2004803522785.5269,-122228153193.28421,-685797485954.6456
Conservative x-risk work,-828255386523.0012,-934846847058.7874,-1041438307594.5741,-2004824585746.2065,-122226672733.18492,-685815131842.2678
Shrimp welfare - stunning,-828261225953.5807,-934853226640.0072,-1041445227326.4326,-2004831108753.874,-122226189877.57286,-685821670993.438
AMF,-828261240500.9866,-934853238066.0579,-1041445235631.1295,-2004829943158.6929,-122225264196.0312,-685821486204.7947
Nothing,-828263146969.6763,-934855144623.6221,-1041447142277.5692,-2004831496706.8613,-122226999384.22247,-685823465194.0339
