,"Mean, a = 1","Ambiguity averse, 1.5x weight to worst","Ambiguity averse, 2x weight to worst",fifth percentile,ninety fifth percentile,median
CF campaign,-560314182378.2601,-634895986252.6359,-709477790127.0133,-1384934945107.861,-76744975019.09059,-456647936937.06006
Shrimp welfare - NH3,-560321217911.6486,-634903091158.4049,-709484964405.1626,-1384949128104.466,-76753570809.94469,-456651457380.6321
Risky x-risk work,-560381427258.4814,-634962423076.2625,-709543418894.0438,-1384976621062.1619,-76823867437.81721,-456710858310.3329
Conservative x-risk work,-560388831049.496,-634970360997.7018,-709551890945.9075,-1384993429033.6873,-76825507298.14899,-456717484016.5608
Shrimp welfare - stunning,-560392139656.7408,-634974064269.6484,-709555988882.5575,-1384999457456.5005,-76824520048.18715,-456722125749.0255
AMF,-560392365388.9546,-634974291317.1782,-709556217245.4017,-1384999828035.8699,-76824415973.73524,-456721638844.376
Nothing,-560394271232.6763,-634976197150.7883,-709558123068.9012,-1385002410741.2915,-76826168002.4654,-456723666917.1389
