,"Mean, a = 1.54","Ambiguity averse, 1.5x weight to worst","Ambiguity averse, 2x weight to worst",fifth percentile,ninety fifth percentile,median
Shrimp welfare - NH3,-819687749823.3665,-926435794532.0841,-1033183839240.803,-1997653702452.1753,-113077202136.02162,-677077954511.6621
CF campaign,-819694912158.7192,-926442760690.105,-1033190609221.4893,-1997650073030.0237,-113093531496.32109,-677090298446.9343
Risky x-risk work,-819761028396.2078,-926507674059.6094,-1033254319723.0109,-1997722096223.1394,-113171871726.19534,-677160802277.5706
Conservative x-risk work,-819771606873.1879,-926518979244.3851,-1033266351615.5828,-1997738577335.415,-113177727954.7881,-677168033996.1587
Shrimp welfare - stunning,-819776705613.8402,-926524620394.7347,-1033272535175.6279,-1997749171177.6824,-113178113490.41595,-677174127082.3925
AMF,-819777472027.5286,-926525382707.9829,-1033273293388.4374,-1997753152885.1465,-113178806293.28545,-677175699252.4244
Nothing,-819779377871.2488,-926527288543.1245,-1033275199215.0004,-1997754623370.1428,-113181311315.11093,-677177638252.3125
