,AMF,CF campaign,Shrimp welfare - stunning,Shrimp welfare - NH3,Conservative x-risk work,Risky x-risk work
AMF,1.0,0.017515154641311186,0.894312900606084,0.04448055632830298,0.350245185869427,0.14893140161312377
CF campaign,57.09341541532287,1.0,51.05937794558551,2.5395468803564705,19.99669389406017,8.503002380684363
Shrimp welfare - stunning,1.1181768699996286,0.01958504079438081,1.0,0.049737129251024,0.39163606566791404,0.16653164850042038
Shrimp welfare - NH3,22.481733200888495,0.39377103361826193,20.105704029538693,1.0,7.87411882361206,3.3482360363006234
Conservative x-risk work,2.8551427409848955,0.05000826663136753,2.553390986334607,0.126998337515724,1.0,0.4252204102204165
Risky x-risk work,6.714500697426327,0.11760551805461393,6.004864594836913,0.2986647264883014,2.351721544790481,1.0
