,AMF,CF campaign,Shrimp welfare - stunning,Shrimp welfare - NH3,Conservative x-risk work,Risky x-risk work
AMF,1.0,0.022563519137930015,0.7131961591573366,0.02079978527557729,0.24525082954997734,0.10386366458485859
CF campaign,44.31932775588039,1.0,31.608374331929035,0.9218325008802448,10.869351897227002,4.603167792663174
Shrimp welfare - stunning,1.4021387905138623,0.031637185433793576,1.0,0.029164185769245985,0.3438757015177266,0.14563127303935108
Shrimp welfare - NH3,48.07741939404446,1.0847957725998096,34.28863085402895,1.0,11.791026989011574,4.993496962048609
Conservative x-risk work,4.0774581755134065,0.09200180557730593,2.9080275099008426,0.084810254520826,1.0,0.42349974830031384
Risky x-risk work,9.62800613666949,0.21724170072484963,6.866656997015947,0.20026046027466585,2.361276491930465,1.0
