,"Mean, a = 1","Ambiguity averse, 1.5x weight to worst","Ambiguity averse, 2x weight to worst",fifth percentile,ninety fifth percentile,median
CF campaign,108836148.40217833,84918820.99423416,61001493.58629019,6074935.728964234,379020216.3445064,59774926.99612427
Shrimp welfare - NH3,42856522.65135631,24626148.66236024,6395774.673364146,25050.480090332032,168508125.47676232,4027274.8981132507
Risky x-risk work,12799731.615907025,520718.8851137422,-11758293.845679555,-69563465.92042847,137677371.69612426,0.0
Conservative x-risk work,5442707.12842722,4087951.6862187777,2733196.2440103237,-1255651.6941680908,21141034.862625115,2864938.160522461
Shrimp welfare - stunning,2131560.4063599464,1450802.2201130858,770044.0338662262,11368.750668334962,8979900.942999264,465389.1434326172
AMF,1906281.9698288469,1799759.5355791012,1693237.1013293562,1347587.08203125,2843799.6082031247,1889996.2924804688
Nothing,0.0,0.0,0.0,0.0,0.0,0.0
