,AMF,CF campaign,Shrimp welfare - stunning,Shrimp welfare - NH3,Conservative x-risk work,Risky x-risk work
AMF,1.0,0.01587348838722376,0.9924272343409878,0.03654351852399287,0.24566481408689747,0.10407965139531682
CF campaign,62.998124646935146,1.0,62.52105461202667,2.302173135012086,15.476422579212516,6.5568228518117255
Shrimp welfare - stunning,1.00763055002621,0.015994611834452936,1.0,0.03682236567022393,0.24753937174046714,0.10487383638199928
Shrimp welfare - NH3,27.364633740548108,0.4343721959012219,27.15740778188624,1.0,6.722527660427793,2.848101540276771
Conservative x-risk work,4.070587005782099,0.06461441556546609,4.039761404292691,0.1487535716493228,1.0,0.4236652765361073
Risky x-risk work,9.608026031926123,0.15251288964192292,9.535266702340659,0.351111077276698,2.3603539288752025,1.0
