,"Mean, a = 1.54","Ambiguity averse, 1.5x weight to worst","Ambiguity averse, 2x weight to worst",fifth percentile,ninety fifth percentile,median
CF campaign,120103952.13568617,93284202.36619109,66464452.59669594,6569528.026904297,421901931.6142314,64511962.8223114
Shrimp welfare - NH3,52169817.42559325,29945245.36253634,7720673.299479403,31203.812701416016,205339573.80704954,4981958.213012695
Risky x-risk work,18317400.797628697,768167.6268249154,-16781065.543978952,-99233420.06506348,196636116.98724362,0.0
Conservative x-risk work,7760446.6743500745,5828238.4563306905,3896030.2383113033,-1793245.671621704,30123572.304620355,4086036.5389709473
Shrimp welfare - stunning,1921016.094194015,1282742.6112605887,644469.1283271646,7568.454602050781,8165122.842877189,407542.47357177734
AMF,1906468.6894854929,1799947.3424657083,1693425.9954459274,1347928.5532226562,2845073.7181152343,1889918.1196289062
Nothing,0.0,0.0,0.0,0.0,0.0,0.0
