,"Mean, a = 1","Ambiguity averse, 1.5x weight to worst","Ambiguity averse, 2x weight to worst",fifth percentile,ninety fifth percentile,median
CF campaign,-568209736914.0641,-642605263409.4507,-717000789904.837,-1391606273522.5225,-85019759507.76056,-465075102065.91565
Shrimp welfare - NH3,-568279258968.1788,-642674627123.1122,-717069995278.044,-1391684247833.4146,-85089948544.2686,-465143709196.62244
Risky x-risk work,-568309076351.0662,-642703675973.4481,-717098275595.8301,-1391691715082.585,-85132553997.40218,-465171946118.10004
Conservative x-risk work,-568316467763.1761,-642711602271.527,-717106736779.8783,-1391717444479.8318,-85133617887.17386,-465179491476.6244
AMF,-568319994730.2712,-642715524084.2013,-717111053438.1309,-1391726112163.2551,-85132650190.61176,-465183891598.1527
Shrimp welfare - stunning,-568320318552.189,-642715847835.1694,-717111377118.1498,-1391724422830.8992,-85133520282.00008,-465183575656.4162
Nothing,-568321901198.9607,-642717430642.95,-717112960086.939,-1391727784751.3965,-85134312525.27745,-465185661641.4718
