,"Mean, a = 1.54","Ambiguity averse, 1.5x weight to worst","Ambiguity averse, 2x weight to worst",fifth percentile,ninety fifth percentile,median
CF campaign,-820185853915.2607,-926659746227.1979,-1033133638539.1367,-1995606174047.9512,-114579061983.09784,-677869435695.5009
Shrimp welfare - NH3,-820249212429.2948,-926722936819.9214,-1033196661210.5471,-1995663781212.9329,-114636901912.54248,-677930343008.5901
Risky x-risk work,-820283754780.947,-926756316356.2034,-1033228877931.4604,-1995688531738.927,-114686473997.70427,-677972254641.2155
Conservative x-risk work,-820294265179.9955,-926767550996.297,-1033240836812.5991,-1995701923446.182,-114683478967.31415,-677978547308.7041
Shrimp welfare - stunning,-820299436274.7355,-926773267615.97,-1033247098957.204,-1995709362428.7935,-114683514880.42741,-677985039835.6174
AMF,-820300133507.3672,-926773960346.92,-1033247787186.4744,-1995710827691.7856,-114684200869.96947,-677984952951.7874
Nothing,-820302039789.3347,-926775866650.6732,-1033249693512.0126,-1995712738563.7922,-114686825656.37206,-677987010465.2847
