,"Mean, a = 1","Ambiguity averse, 1.5x weight to worst","Ambiguity averse, 2x weight to worst",fifth percentile,ninety fifth percentile,median
CF campaign,-560826762453.6696,-635075297541.3375,-709323832629.0048,-1382824208756.3794,-78492149585.78247,-457717280135.59534
Shrimp welfare - NH3,-560892742079.4202,-635141120952.2294,-709389499825.0391,-1382864779972.334,-78558129060.53038,-457782989979.3056
Risky x-risk work,-560922798870.4568,-635170413319.6284,-709418027768.8024,-1382897631574.848,-78597443091.70067,-457812793345.7269
Conservative x-risk work,-560930155894.943,-635178303646.595,-709426451398.2472,-1382900348138.6558,-78600292261.35515,-457822717767.3355
Shrimp welfare - stunning,-560933467041.6658,-635182013012.2067,-709430558982.7483,-1382910005741.4417,-78597832349.74217,-457826014094.0254
AMF,-560933692320.1022,-635182238280.2133,-709430784240.3248,-1382909170004.842,-78599585318.76662,-457826072702.62195
Nothing,-560935598602.0707,-635184144583.8151,-709432690565.5588,-1382911197310.3337,-78600781011.21684,-457828151601.31604
